-- CARES demo/test seed data
-- Import after database/schema.sql and database/setup_seed.sql

SET NAMES utf8mb4;
SET FOREIGN_KEY_CHECKS = 0;

-- Clear demo data for repeatable seeding
TRUNCATE TABLE student_exam_scores;
TRUNCATE TABLE students;
TRUNCATE TABLE semesters;
TRUNCATE TABLE school_years;
TRUNCATE TABLE password_resets;
TRUNCATE TABLE email_verifications;
TRUNCATE TABLE logs;
DELETE FROM users WHERE role = 'admission';
ALTER TABLE users AUTO_INCREMENT = 2;

INSERT INTO users (
    id,
    name,
    email,
    password,
    role,
    account_status,
    email_verified_at,
    verified_by,
    verified_at,
    rejected_by,
    rejected_at,
    rejection_reason,
    is_active,
    force_password_change,
    failed_login_attempts,
    locked_until,
    is_deleted,
    created_at,
    updated_at,
    deleted_at
)
VALUES
    (2, 'Admission Personnel', 'admission@cares.local', '$2y$10$u8xUhBOWcGw2Vsn9FEAJ6.1ibjgSAOatpZBt10sBvCwqkm0KtXvFa', 'admission', 'verified', '2026-02-01 09:05:00', 1, '2026-02-01 09:10:00', NULL, NULL, NULL, 1, 0, 0, NULL, 0, '2026-01-21 08:15:00', '2026-02-01 09:10:00', NULL),
    (3, 'Maria Quinto', 'rejected_admission@cares.local', '$2y$10$u8xUhBOWcGw2Vsn9FEAJ6.1ibjgSAOatpZBt10sBvCwqkm0KtXvFa', 'admission', 'rejected', '2026-01-31 15:00:00', 1, '2026-01-31 15:30:00', 1, '2026-02-02 08:20:00', 'Incomplete requirements', 0, 1, 0, NULL, 0, '2026-01-25 11:45:00', '2026-02-02 08:20:00', NULL),
    (4, 'Joy Reyes', 'inactive_admission@cares.local', '$2y$10$u8xUhBOWcGw2Vsn9FEAJ6.1ibjgSAOatpZBt10sBvCwqkm0KtXvFa', 'admission', 'verified', '2026-01-29 13:15:00', 1, '2026-01-29 13:25:00', NULL, NULL, NULL, 0, 0, 0, NULL, 0, '2026-01-24 14:10:00', '2026-01-29 13:25:00', NULL),
    (5, 'Mark Santos', 'locked_admission@cares.local', '$2y$10$u8xUhBOWcGw2Vsn9FEAJ6.1ibjgSAOatpZBt10sBvCwqkm0KtXvFa', 'admission', 'verified', '2026-01-28 09:12:00', 1, '2026-01-28 09:20:00', NULL, NULL, NULL, 1, 0, 5, '2026-02-07 09:30:00', 0, '2026-01-22 08:30:00', '2026-02-03 09:30:00', NULL),
    (6, 'Cathy Pineda', 'deleted_admission@cares.local', '$2y$10$u8xUhBOWcGw2Vsn9FEAJ6.1ibjgSAOatpZBt10sBvCwqkm0KtXvFa', 'admission', 'verified', '2026-01-27 08:05:00', 1, '2026-01-27 08:10:00', NULL, NULL, NULL, 0, 0, 0, NULL, 1, '2026-01-18 07:50:00', '2026-02-01 10:15:00', '2026-02-01 10:15:00');

INSERT INTO school_years (id, name, is_active, is_archived, is_deleted, created_by, created_at, updated_at) VALUES
    (1, '2025-2026', 1, 0, 0, 1, '2026-01-15 08:00:00', '2026-02-01 08:00:00'),
    (2, '2024-2025', 0, 1, 0, 1, '2025-01-15 08:00:00', '2026-02-10 08:00:00');

INSERT INTO semesters (id, school_year_id, name, is_active, is_archived, is_deleted, created_by, created_at, updated_at) VALUES
    (1, 1, '1st Semester', 0, 0, 0, 1, '2026-01-15 08:10:00', '2026-02-01 08:00:00'),
    (2, 1, '2nd Semester', 1, 0, 0, 1, '2026-01-15 08:11:00', '2026-02-01 08:00:00'),
    (3, 1, 'Summer', 0, 0, 0, 1, '2026-01-15 08:12:00', '2026-02-01 08:00:00'),
    (4, 2, '1st Semester', 0, 1, 0, 1, '2025-01-15 08:10:00', '2026-02-10 08:00:00'),
    (5, 2, '2nd Semester', 0, 1, 0, 1, '2025-01-15 08:11:00', '2026-02-10 08:00:00'),
    (6, 2, 'Summer', 0, 1, 0, 1, '2025-01-15 08:12:00', '2026-02-10 08:00:00');

INSERT INTO students (
    application_number,
    name,
    first_name,
    last_name,
    middle_name,
    email,
    city,
    province,
    shs_strand,
    gpa,
    physical_requirement_status,
    honors_awards_points,
    residence_points,
    other_screening_points,
    cct_choice,
    first_choice,
    second_choice,
    application_status,
    screening_status,
    status,
    semester_id,
    is_deleted,
    is_archived,
    created_by,
    updated_by,
    created_at,
    updated_at,
    deleted_at
)
SELECT
    seed.application_number,
    seed.name,
    seed.first_name,
    seed.last_name,
    seed.middle_name,
    seed.email,
    seed.city,
    seed.province,
    seed.shs_strand,
    seed.gpa,
    seed.physical_requirement_status,
    seed.honors_awards_points,
    seed.residence_points,
    seed.other_screening_points,
    seed.cct_choice,
    first_course.id,
    second_course.id,
    seed.application_status,
    seed.screening_status,
    seed.status,
    seed.semester_id,
    seed.is_deleted,
    seed.is_archived,
    seed.created_by,
    seed.updated_by,
    seed.created_at,
    seed.updated_at,
    seed.deleted_at
FROM (
    SELECT 'APP-2026-0001' AS application_number, 'Juan Dela Cruz' AS name, 'Juan' AS first_name, 'Dela Cruz' AS last_name, NULL AS middle_name, 'juan@student.local' AS email, 'Tagaytay City' AS city, 'Cavite' AS province, 'HUMSS' AS shs_strand, 85.00 AS gpa, 'pending' AS physical_requirement_status, 2.00 AS honors_awards_points, 1.00 AS residence_points, 0.00 AS other_screening_points, 'first' AS cct_choice, 'BSED-SS' AS first_choice_code, 'ABPSY' AS second_choice_code, 'new_student' AS application_status, 'pending' AS screening_status, 'pending' AS status, 2 AS semester_id, 0 AS is_deleted, 0 AS is_archived, 2 AS created_by, NULL AS updated_by, '2026-01-26 10:10:00' AS created_at, NULL AS updated_at, NULL AS deleted_at UNION ALL
    SELECT 'APP-2026-0002', 'Maria Santos', 'Maria', 'Santos', NULL, 'maria@student.local', 'Tagaytay City', 'Cavite', 'STEM', 90.00, 'pending', 3.00, 1.00, 0.00, 'first', 'BSED-SCI', 'BSED-MATH', 'new_student', 'qualified', 'passed', 2, 0, 0, 2, 2, '2026-01-26 11:25:00', '2026-02-02 09:30:00', NULL UNION ALL
    SELECT 'APP-2026-0003', 'Jose Reyes', 'Jose', 'Reyes', NULL, 'jose@student.local', 'Alfonso', 'Cavite', 'ABM', 84.00, 'pending', 1.00, 2.00, 0.00, 'second', 'BSOA', 'BSMM', 'transferee', 'qualified', 'passed', 2, 0, 0, 2, NULL, '2026-01-27 09:05:00', NULL, NULL UNION ALL
    SELECT 'APP-2026-0004', 'Ana Garcia', 'Ana', 'Garcia', NULL, 'ana@student.local', 'Mendez', 'Cavite', 'GAS', 82.00, 'not_met', 0.00, 1.00, 0.00, 'first', 'BSHRDM', 'BSTM', 'new_student', 'not_qualified', 'failed', 2, 0, 0, 2, 2, '2026-01-27 10:40:00', '2026-02-01 14:10:00', NULL UNION ALL
    SELECT 'APP-2026-0005', 'Mark Santos', 'Mark', 'Santos', NULL, 'mark.santos@student.local', 'Silang', 'Cavite', 'ICT', 88.00, 'pending', 0.00, 0.00, 0.00, 'first', 'BSIT', 'BSCS', 'returning_student', 'qualified', 'passed', 2, 0, 0, 2, NULL, '2026-01-27 13:20:00', NULL, NULL UNION ALL
    SELECT 'APP-2026-0006', 'Joy Reyes', 'Joy', 'Reyes', NULL, 'joy.reyes@student.local', 'Tagaytay City', 'Cavite', 'STEM', 91.00, 'pending', 4.00, 1.00, 0.00, 'first', 'BSED-SCI', 'BSCS', 'new_student', 'qualified', 'passed', 2, 0, 0, 2, 2, '2026-01-28 08:50:00', '2026-02-01 09:05:00', NULL UNION ALL
    SELECT 'APP-2026-0007', 'Paolo Cruz', 'Paolo', 'Cruz', NULL, 'paolo.cruz@student.local', 'Tagaytay City', 'Cavite', 'ICT', 89.00, 'pending', 1.00, 0.00, 0.00, 'first', 'BSCS', 'BSIT', 'new_student', 'qualified', 'passed', 2, 0, 0, 2, 2, '2026-01-28 09:10:00', '2026-02-01 09:20:00', NULL UNION ALL
    SELECT 'APP-2026-0008', 'Mae Lloren', 'Mae', 'Lloren', NULL, 'mae.lloren@student.local', 'Indang', 'Cavite', 'HUMSS', 88.00, 'pending', 3.00, 2.00, 0.00, 'second', 'ABPSY', 'BSED-ENG', 'adult_learner', 'qualified', 'passed', 2, 0, 0, 2, NULL, '2026-01-28 14:00:00', NULL, NULL UNION ALL
    SELECT 'APP-2026-0009', 'Gina Flores', 'Gina', 'Flores', NULL, 'gina.flores@student.local', 'Naic', 'Cavite', 'ABM', 83.00, 'none', 0.00, 1.00, 0.00, 'none', 'BSMM', 'BSOA', 'new_student', 'pending', 'pending', 2, 0, 0, 2, NULL, '2026-01-29 08:15:00', NULL, NULL UNION ALL
    SELECT 'APP-2026-0010', 'Arman Lopez', 'Arman', 'Lopez', NULL, 'arman.lopez@student.local', 'Amadeo', 'Cavite', 'STEM', 84.00, 'pending', 0.00, 0.00, 0.00, 'first', 'BSED-MATH', 'BSED-SCI', 'new_student', 'not_qualified', 'failed', 2, 0, 0, 2, 2, '2026-01-29 10:00:00', '2026-02-01 11:25:00', NULL UNION ALL
    SELECT 'APP-2026-0011', 'Karen Abad', 'Karen', 'Abad', NULL, 'karen.abad@student.local', 'Bacoor', 'Cavite', 'GAS', 81.00, 'pending', 1.00, 1.00, 0.00, 'first', 'BSHRDM', 'BSHM', 'transferee', 'qualified', 'passed', 2, 0, 0, 2, NULL, '2026-01-29 15:45:00', NULL, NULL UNION ALL
    SELECT 'APP-2026-0012', 'Rico Lim', 'Rico', 'Lim', NULL, 'rico.lim@student.local', 'Dasmarinas', 'Cavite', 'ICT', 90.00, 'pending', 2.00, 1.00, 0.00, 'first', 'BSIT', 'BSCS', 'new_student', 'qualified', 'passed', 2, 0, 0, 2, 2, '2026-01-30 09:05:00', '2026-02-02 08:45:00', NULL UNION ALL
    SELECT 'APP-2026-0013', 'Nica Ramos', 'Nica', 'Ramos', NULL, 'nica.ramos@student.local', 'Tagaytay City', 'Cavite', 'HUMSS', 87.00, 'pending', 0.00, 0.00, 0.00, 'none', 'BSED-ENG', 'ABPSY', 'als_passer', 'pending', 'pending', 2, 0, 0, 2, NULL, '2026-01-30 10:30:00', NULL, NULL UNION ALL
    SELECT 'APP-2026-0014', 'Erwin Uy', 'Erwin', 'Uy', NULL, 'erwin.uy@student.local', 'Tagaytay City', 'Cavite', 'ABM', 85.00, 'met', 1.00, 1.00, 0.00, 'second', 'BSMM', 'BSTM', 'new_student', 'qualified', 'passed', 2, 0, 0, 2, NULL, '2026-01-30 12:10:00', NULL, NULL UNION ALL
    SELECT 'APP-2026-0015', 'Janice Palma', 'Janice', 'Palma', NULL, 'janice.palma@student.local', 'Silang', 'Cavite', 'HUMSS', 89.00, 'pending', 2.00, 1.00, 0.00, 'first', 'BSED-SS', 'BSED-ENG', 'new_student', 'qualified', 'passed', 2, 0, 0, 2, 2, '2026-01-30 15:40:00', '2026-02-02 13:20:00', NULL UNION ALL
    SELECT 'APP-2026-0016', 'Alvin Sy', 'Alvin', 'Sy', NULL, 'alvin.sy@student.local', 'Tagaytay City', 'Cavite', 'STEM', 85.00, 'pending', 1.00, 1.00, 0.00, 'first', 'BSCS', 'BSIT', 'old_curriculum', 'qualified', 'passed', 2, 0, 0, 2, NULL, '2026-01-31 08:50:00', NULL, NULL UNION ALL
    SELECT 'APP-2026-0017', 'Cathy Pineda', 'Cathy', 'Pineda', NULL, 'cathy.pineda@student.local', 'Mendez', 'Cavite', 'GAS', 80.00, 'not_met', 0.00, 0.00, 0.00, 'first', 'BSTM', 'BSHM', 'new_student', 'pending', 'pending', 5, 1, 1, 2, 2, '2026-01-31 09:30:00', '2026-02-01 10:15:00', '2026-02-01 10:15:00' UNION ALL
    SELECT 'APP-2026-0018', 'Leo Santos', 'Leo', 'Santos', NULL, 'leo.santos@student.local', 'General Trias', 'Cavite', 'ICT', 88.00, 'pending', 2.00, 1.00, 0.00, 'first', 'BSCS', 'BSIT', 'returning_student', 'qualified', 'passed', 2, 0, 0, 2, 2, '2026-01-31 11:05:00', '2026-02-02 08:35:00', NULL UNION ALL
    SELECT 'APP-2026-0019', 'Bianca Torres', 'Bianca', 'Torres', NULL, 'bianca.torres@student.local', 'Imus', 'Cavite', 'HUMSS', 87.00, 'pending', 3.00, 0.00, 0.00, 'second', 'ABPSY', 'BSED-ENG', 'new_student', 'qualified', 'passed', 2, 0, 0, 2, NULL, '2026-02-01 09:15:00', NULL, NULL UNION ALL
    SELECT 'APP-2026-0020', 'Julius Manalo', 'Julius', 'Manalo', NULL, 'julius.manalo@student.local', 'Alfonso', 'Cavite', 'ABM', 82.00, 'pending', 0.00, 1.00, 0.00, 'first', 'BSOA', 'BSMM', 'new_student', 'not_qualified', 'failed', 2, 0, 0, 2, 2, '2026-02-01 11:20:00', '2026-02-02 08:10:00', NULL UNION ALL
    SELECT 'APP-2026-0021', 'Hazel Dizon', 'Hazel', 'Dizon', NULL, 'hazel.dizon@student.local', 'Tagaytay City', 'Cavite', 'STEM', 92.00, 'pending', 4.00, 1.00, 0.00, 'first', 'BSED-SCI', 'BSED-MATH', 'new_student', 'qualified', 'passed', 2, 0, 0, 2, 2, '2026-02-01 13:05:00', '2026-02-02 08:55:00', NULL UNION ALL
    SELECT 'APP-2026-0022', 'Mia Velasco', 'Mia', 'Velasco', NULL, 'mia.velasco@student.local', 'Silang', 'Cavite', 'HUMSS', 84.00, 'pending', 0.00, 0.00, 0.00, 'first', 'BSED-FIL', 'BSED-ENG', 'adult_learner', 'pending', 'pending', 2, 0, 0, 2, NULL, '2026-02-01 15:30:00', NULL, NULL UNION ALL
    SELECT 'APP-2026-0023', 'Carl De Vera', 'Carl', 'De Vera', NULL, 'carl.devera@student.local', 'Dasmarinas', 'Cavite', 'ABM', 86.00, 'pending', 2.00, 1.00, 0.00, 'first', 'BSMM', 'BSOA', 'transferee', 'qualified', 'passed', 2, 0, 0, 2, NULL, '2026-02-02 09:20:00', NULL, NULL UNION ALL
    SELECT 'APP-2026-0024', 'Shane Bautista', 'Shane', 'Bautista', NULL, 'shane.bautista@student.local', 'Mendez', 'Cavite', 'HUMSS', 88.00, 'pending', 1.00, 1.00, 0.00, 'first', 'BSED-MATH', 'BSED-SCI', 'new_student', 'qualified', 'passed', 2, 0, 0, 2, 2, '2026-02-02 10:10:00', '2026-02-02 13:45:00', NULL UNION ALL
    SELECT 'APP-2025-0025', 'Nina Castillo', 'Nina', 'Castillo', NULL, 'nina.castillo@student.local', 'Tagaytay City', 'Cavite', 'HUMSS', 88.00, 'pending', 3.00, 1.00, 0.00, 'first', 'ABPSY', 'BSED-ENG', 'new_student', 'qualified', 'passed', 5, 1, 1, 2, 2, '2025-10-18 09:25:00', '2026-02-10 08:10:00', '2026-02-10 08:10:00' UNION ALL
    SELECT 'APP-2025-0026', 'Omar Fernandez', 'Omar', 'Fernandez', NULL, 'omar.fernandez@student.local', 'Silang', 'Cavite', 'ABM', 84.00, 'pending', 1.00, 2.00, 0.00, 'second', 'BSMM', 'BSOA', 'transferee', 'qualified', 'passed', 5, 1, 1, 2, 2, '2025-11-05 14:40:00', '2026-02-10 08:12:00', '2026-02-10 08:12:00'
) AS seed
LEFT JOIN courses AS first_course ON first_course.course_code = seed.first_choice_code
LEFT JOIN courses AS second_course ON second_course.course_code = seed.second_choice_code;

INSERT INTO student_exam_scores (student_id, exam_part_id, score, encoded_by, updated_by)
VALUES
    -- Admitted students (complete scores)
    (2, 1, 30, 2, 2),
    (2, 2, 30, 2, 2),
    (2, 3, 30, 2, 2),
    (2, 4, 30, 2, 2),
    (2, 5, 30, 2, 2),
    (2, 6, 30, 2, 2),
    (2, 7, 30, 2, 2),
    (6, 1, 30, 2, 2),
    (6, 2, 30, 2, 2),
    (6, 3, 30, 2, 2),
    (6, 4, 30, 2, 2),
    (6, 5, 30, 2, 2),
    (6, 6, 30, 2, 2),
    (6, 7, 30, 2, 2),
    (7, 1, 26, 2, 2),
    (7, 2, 26, 2, 2),
    (7, 3, 24, 2, 2),
    (7, 4, 22, 2, 2),
    (7, 5, 24, 2, 2),
    (7, 6, 22, 2, 2),
    (7, 7, 23, 2, 2),
    (12, 1, 30, 2, 2),
    (12, 2, 30, 2, 2),
    (12, 3, 30, 2, 2),
    (12, 4, 30, 2, 2),
    (12, 5, 30, 2, 2),
    (12, 6, 30, 2, 2),
    (12, 7, 30, 2, 2),
    (15, 1, 30, 2, 2),
    (15, 2, 30, 2, 2),
    (15, 3, 30, 2, 2),
    (15, 4, 30, 2, 2),
    (15, 5, 30, 2, 2),
    (15, 6, 30, 2, 2),
    (15, 7, 30, 2, 2),
    (18, 1, 30, 2, 2),
    (18, 2, 30, 2, 2),
    (18, 3, 30, 2, 2),
    (18, 4, 30, 2, 2),
    (18, 5, 30, 2, 2),
    (18, 6, 30, 2, 2),
    (18, 7, 30, 2, 2),
    (21, 1, 30, 2, 2),
    (21, 2, 30, 2, 2),
    (21, 3, 30, 2, 2),
    (21, 4, 30, 2, 2),
    (21, 5, 30, 2, 2),
    (21, 6, 30, 2, 2),
    (21, 7, 30, 2, 2),
    (24, 1, 20, 2, 2),
    (24, 2, 19, 2, 2),
    (24, 3, 20, 2, 2),
    (24, 4, 20, 2, 2),
    (24, 5, 19, 2, 2),
    (24, 6, 19, 2, 2),
    (24, 7, 18, 2, 2),
    -- Pending/waitlisted students (partial or mixed scores)
    (1, 1, 21, 2, 2),
    (1, 2, 21, 2, 2),
    (1, 3, 0, 2, 2),
    (3, 1, 24, 2, 2),
    (3, 2, 25, 2, 2),
    (3, 4, 22, 2, 2),
    (9, 1, 25, 2, 2),
    (9, 2, 24, 2, 2),
    (9, 3, 24, 2, 2),
    (9, 4, 23, 2, 2),
    (9, 5, 23, 2, 2),
    (9, 6, 22, 2, 2),
    (9, 7, 21, 2, 2),
    (14, 1, 30, 2, 2),
    (14, 2, 30, 2, 2),
    (14, 3, 30, 2, 2),
    (14, 4, 30, 2, 2),
    (14, 5, 30, 2, 2),
    (14, 6, 30, 2, 2),
    (14, 7, 30, 2, 2),
    -- Archived students with scores for archived student/recommendation testing
    (25, 1, 27, 2, 2),
    (25, 2, 25, 2, 2),
    (25, 3, 24, 2, 2),
    (25, 4, 26, 2, 2),
    (25, 5, 24, 2, 2),
    (25, 6, 23, 2, 2),
    (25, 7, 22, 2, 2),
    (26, 1, 22, 2, 2),
    (26, 2, 20, 2, 2),
    (26, 3, 21, 2, 2),
    (26, 4, 19, 2, 2),
    (26, 5, 20, 2, 2),
    (26, 6, 18, 2, 2),
    (26, 7, 19, 2, 2),
    -- Additional Part 2 Set A, Part 2 Set B, and Part 4 data for recommendation testing
    (2, 8, 8, 2, 2),
    (2, 9, 9, 2, 2),
    (2, 10, 8, 2, 2),
    (2, 11, 7, 2, 2),
    (2, 12, 9, 2, 2),
    (2, 13, 9, 2, 2),
    (2, 14, 5, 2, 2),
    (2, 15, 4, 2, 2),
    (2, 16, 5, 2, 2),
    (2, 17, 6, 2, 2),
    (2, 18, 5, 2, 2),
    (2, 19, 5, 2, 2),
    (2, 20, 1, 2, 2),
    (2, 21, 4, 2, 2),
    (2, 22, 1, 2, 2),
    (2, 23, 1, 2, 2),
    (2, 24, 10, 2, 2),
    (2, 25, 10, 2, 2),
    (2, 26, 10, 2, 2),
    (2, 27, 10, 2, 2),
    (2, 28, 0, 2, 2),
    (3, 8, 5, 2, 2),
    (3, 9, 4, 2, 2),
    (3, 10, 6, 2, 2),
    (3, 11, 8, 2, 2),
    (3, 12, 5, 2, 2),
    (3, 13, 8, 2, 2),
    (3, 14, 6, 2, 2),
    (3, 15, 7, 2, 2),
    (3, 16, 4, 2, 2),
    (3, 17, 6, 2, 2),
    (3, 18, 5, 2, 2),
    (3, 19, 1, 2, 2),
    (3, 20, 1, 2, 2),
    (3, 21, 2, 2, 2),
    (3, 22, 2, 2, 2),
    (3, 23, 5, 2, 2),
    (3, 24, 7, 2, 2),
    (3, 25, 8, 2, 2),
    (3, 26, 6, 2, 2),
    (3, 27, 7, 2, 2),
    (3, 28, 3, 2, 2),
    (6, 8, 8, 2, 2),
    (6, 9, 9, 2, 2),
    (6, 10, 8, 2, 2),
    (6, 11, 7, 2, 2),
    (6, 12, 8, 2, 2),
    (6, 13, 6, 2, 2),
    (6, 14, 5, 2, 2),
    (6, 15, 4, 2, 2),
    (6, 16, 5, 2, 2),
    (6, 17, 6, 2, 2),
    (6, 18, 5, 2, 2),
    (6, 19, 5, 2, 2),
    (6, 20, 10, 2, 2),
    (6, 21, 10, 2, 2),
    (6, 22, 10, 2, 2),
    (6, 23, 10, 2, 2),
    (6, 24, 10, 2, 2),
    (6, 25, 10, 2, 2),
    (6, 26, 10, 2, 2),
    (6, 27, 10, 2, 2),
    (6, 28, 0, 2, 2),
    (12, 8, 10, 2, 2),
    (12, 9, 10, 2, 2),
    (12, 10, 10, 2, 2),
    (12, 11, 10, 2, 2),
    (12, 12, 10, 2, 2),
    (12, 13, 10, 2, 2),
    (12, 14, 5, 2, 2),
    (12, 15, 5, 2, 2),
    (12, 16, 1, 2, 2),
    (12, 17, 1, 2, 2),
    (12, 18, 1, 2, 2),
    (12, 19, 5, 2, 2),
    (12, 20, 10, 2, 2),
    (12, 21, 10, 2, 2),
    (12, 22, 10, 2, 2),
    (12, 23, 10, 2, 2),
    (12, 24, 10, 2, 2),
    (12, 25, 10, 2, 2),
    (12, 26, 10, 2, 2),
    (12, 27, 10, 2, 2),
    (12, 28, 0, 2, 2),
    (15, 8, 8, 2, 2),
    (15, 9, 5, 2, 2),
    (15, 10, 8, 2, 2),
    (15, 11, 8, 2, 2),
    (15, 12, 9, 2, 2),
    (15, 13, 6, 2, 2),
    (15, 14, 4, 2, 2),
    (15, 15, 4, 2, 2),
    (15, 16, 4, 2, 2),
    (15, 17, 5, 2, 2),
    (15, 18, 5, 2, 2),
    (15, 19, 5, 2, 2),
    (15, 20, 1, 2, 2),
    (15, 21, 4, 2, 2),
    (15, 22, 1, 2, 2),
    (15, 23, 1, 2, 2),
    (15, 24, 10, 2, 2),
    (15, 25, 10, 2, 2),
    (15, 26, 10, 2, 2),
    (15, 27, 10, 2, 2),
    (15, 28, 0, 2, 2),
    (18, 8, 10, 2, 2),
    (18, 9, 10, 2, 2),
    (18, 10, 10, 2, 2),
    (18, 11, 10, 2, 2),
    (18, 12, 10, 2, 2),
    (18, 13, 10, 2, 2),
    (18, 14, 5, 2, 2),
    (18, 15, 5, 2, 2),
    (18, 16, 1, 2, 2),
    (18, 17, 1, 2, 2),
    (18, 18, 1, 2, 2),
    (18, 19, 5, 2, 2),
    (18, 20, 10, 2, 2),
    (18, 21, 10, 2, 2),
    (18, 22, 10, 2, 2),
    (18, 23, 10, 2, 2),
    (18, 24, 10, 2, 2),
    (18, 25, 10, 2, 2),
    (18, 26, 10, 2, 2),
    (18, 27, 10, 2, 2),
    (18, 28, 0, 2, 2),
    (21, 8, 8, 2, 2),
    (21, 9, 9, 2, 2),
    (21, 10, 8, 2, 2),
    (21, 11, 7, 2, 2),
    (21, 12, 9, 2, 2),
    (21, 13, 6, 2, 2),
    (21, 14, 5, 2, 2),
    (21, 15, 4, 2, 2),
    (21, 16, 5, 2, 2),
    (21, 17, 6, 2, 2),
    (21, 18, 5, 2, 2),
    (21, 19, 5, 2, 2),
    (21, 20, 10, 2, 2),
    (21, 21, 10, 2, 2),
    (21, 22, 10, 2, 2),
    (21, 23, 10, 2, 2),
    (21, 24, 10, 2, 2),
    (21, 25, 10, 2, 2),
    (21, 26, 10, 2, 2),
    (21, 27, 10, 2, 2),
    (21, 28, 0, 2, 2),
    (25, 8, 7, 2, 2),
    (25, 9, 6, 2, 2),
    (25, 10, 8, 2, 2),
    (25, 11, 9, 2, 2),
    (25, 12, 5, 2, 2),
    (25, 13, 8, 2, 2),
    (25, 14, 4, 2, 2),
    (25, 15, 5, 2, 2),
    (25, 16, 4, 2, 2),
    (25, 17, 5, 2, 2),
    (25, 18, 2, 2, 2),
    (25, 19, 4, 2, 2),
    (25, 20, 3, 2, 2),
    (25, 21, 5, 2, 2),
    (25, 22, 1, 2, 2),
    (25, 23, 1, 2, 2),
    (25, 24, 8, 2, 2),
    (25, 25, 7, 2, 2),
    (25, 26, 6, 2, 2),
    (25, 27, 8, 2, 2),
    (25, 28, 2, 2, 2),
    -- More full-part records so fresh imports have broader summary and qualification samples
    (1, 4, 18, 2, 2),
    (1, 5, 17, 2, 2),
    (1, 6, 16, 2, 2),
    (1, 7, 18, 2, 2),
    (1, 8, 7, 2, 2),
    (1, 9, 7, 2, 2),
    (1, 10, 6, 2, 2),
    (1, 11, 5, 2, 2),
    (1, 12, 6, 2, 2),
    (1, 13, 5, 2, 2),
    (1, 14, 4, 2, 2),
    (1, 15, 4, 2, 2),
    (1, 16, 3, 2, 2),
    (1, 17, 4, 2, 2),
    (1, 18, 4, 2, 2),
    (1, 19, 4, 2, 2),
    (1, 20, 2, 2, 2),
    (1, 21, 4, 2, 2),
    (1, 22, 1, 2, 2),
    (1, 23, 1, 2, 2),
    (1, 24, 7, 2, 2),
    (1, 25, 7, 2, 2),
    (1, 26, 6, 2, 2),
    (1, 27, 7, 2, 2),
    (1, 28, 3, 2, 2),
    (4, 8, 5, 2, 2),
    (4, 9, 5, 2, 2),
    (4, 10, 4, 2, 2),
    (4, 11, 5, 2, 2),
    (4, 12, 6, 2, 2),
    (4, 13, 6, 2, 2),
    (4, 14, 5, 2, 2),
    (4, 15, 5, 2, 2),
    (4, 16, 4, 2, 2),
    (4, 17, 4, 2, 2),
    (4, 18, 4, 2, 2),
    (4, 19, 3, 2, 2),
    (4, 20, 2, 2, 2),
    (4, 21, 2, 2, 2),
    (4, 22, 1, 2, 2),
    (4, 23, 2, 2, 2),
    (4, 24, 6, 2, 2),
    (4, 25, 5, 2, 2),
    (4, 26, 5, 2, 2),
    (4, 27, 6, 2, 2),
    (4, 28, 4, 2, 2),
    (5, 1, 30, 2, 2),
    (5, 2, 30, 2, 2),
    (5, 3, 30, 2, 2),
    (5, 4, 30, 2, 2),
    (5, 5, 30, 2, 2),
    (5, 6, 30, 2, 2),
    (5, 7, 30, 2, 2),
    (5, 8, 10, 2, 2),
    (5, 9, 10, 2, 2),
    (5, 10, 10, 2, 2),
    (5, 11, 10, 2, 2),
    (5, 12, 10, 2, 2),
    (5, 13, 10, 2, 2),
    (5, 14, 5, 2, 2),
    (5, 15, 5, 2, 2),
    (5, 16, 1, 2, 2),
    (5, 17, 1, 2, 2),
    (5, 18, 1, 2, 2),
    (5, 19, 5, 2, 2),
    (5, 20, 10, 2, 2),
    (5, 21, 10, 2, 2),
    (5, 22, 10, 2, 2),
    (5, 23, 10, 2, 2),
    (5, 24, 10, 2, 2),
    (5, 25, 10, 2, 2),
    (5, 26, 10, 2, 2),
    (5, 27, 10, 2, 2),
    (5, 28, 0, 2, 2),
    (8, 1, 30, 2, 2),
    (8, 2, 30, 2, 2),
    (8, 3, 30, 2, 2),
    (8, 4, 30, 2, 2),
    (8, 5, 30, 2, 2),
    (8, 6, 30, 2, 2),
    (8, 7, 30, 2, 2),
    (8, 8, 10, 2, 2),
    (8, 9, 10, 2, 2),
    (8, 10, 10, 2, 2),
    (8, 11, 10, 2, 2),
    (8, 12, 10, 2, 2),
    (8, 13, 10, 2, 2),
    (8, 14, 2, 2, 2),
    (8, 15, 5, 2, 2),
    (8, 16, 1, 2, 2),
    (8, 17, 5, 2, 2),
    (8, 18, 1, 2, 2),
    (8, 19, 1, 2, 2),
    (8, 20, 10, 2, 2),
    (8, 21, 10, 2, 2),
    (8, 22, 10, 2, 2),
    (8, 23, 10, 2, 2),
    (8, 24, 10, 2, 2),
    (8, 25, 10, 2, 2),
    (8, 26, 10, 2, 2),
    (8, 27, 10, 2, 2),
    (8, 28, 0, 2, 2),
    (9, 8, 6, 2, 2),
    (9, 9, 6, 2, 2),
    (9, 10, 7, 2, 2),
    (9, 11, 8, 2, 2),
    (9, 12, 6, 2, 2),
    (9, 13, 7, 2, 2),
    (9, 14, 5, 2, 2),
    (9, 15, 4, 2, 2),
    (9, 16, 4, 2, 2),
    (9, 17, 5, 2, 2),
    (9, 18, 3, 2, 2),
    (9, 19, 4, 2, 2),
    (9, 20, 2, 2, 2),
    (9, 21, 2, 2, 2),
    (9, 22, 4, 2, 2),
    (9, 23, 6, 2, 2),
    (9, 24, 7, 2, 2),
    (9, 25, 7, 2, 2),
    (9, 26, 6, 2, 2),
    (9, 27, 7, 2, 2),
    (9, 28, 3, 2, 2),
    (10, 8, 5, 2, 2),
    (10, 9, 5, 2, 2),
    (10, 10, 6, 2, 2),
    (10, 11, 4, 2, 2),
    (10, 12, 5, 2, 2),
    (10, 13, 4, 2, 2),
    (10, 14, 4, 2, 2),
    (10, 15, 4, 2, 2),
    (10, 16, 7, 2, 2),
    (10, 17, 6, 2, 2),
    (10, 18, 4, 2, 2),
    (10, 19, 3, 2, 2),
    (10, 20, 1, 2, 2),
    (10, 21, 1, 2, 2),
    (10, 22, 1, 2, 2),
    (10, 23, 3, 2, 2),
    (10, 24, 6, 2, 2),
    (10, 25, 6, 2, 2),
    (10, 26, 5, 2, 2),
    (10, 27, 6, 2, 2),
    (10, 28, 4, 2, 2),
    (11, 1, 30, 2, 2),
    (11, 2, 30, 2, 2),
    (11, 3, 30, 2, 2),
    (11, 4, 30, 2, 2),
    (11, 5, 30, 2, 2),
    (11, 6, 30, 2, 2),
    (11, 7, 30, 2, 2),
    (11, 8, 10, 2, 2),
    (11, 9, 10, 2, 2),
    (11, 10, 10, 2, 2),
    (11, 11, 10, 2, 2),
    (11, 12, 10, 2, 2),
    (11, 13, 10, 2, 2),
    (11, 14, 5, 2, 2),
    (11, 15, 1, 2, 2),
    (11, 16, 1, 2, 2),
    (11, 17, 5, 2, 2),
    (11, 18, 1, 2, 2),
    (11, 19, 5, 2, 2),
    (11, 20, 10, 2, 2),
    (11, 21, 10, 2, 2),
    (11, 22, 10, 2, 2),
    (11, 23, 10, 2, 2),
    (11, 24, 10, 2, 2),
    (11, 25, 10, 2, 2),
    (11, 26, 10, 2, 2),
    (11, 27, 10, 2, 2),
    (11, 28, 0, 2, 2),
    (13, 1, 24, 2, 2),
    (13, 2, 24, 2, 2),
    (13, 3, 26, 2, 2),
    (13, 4, 19, 2, 2),
    (13, 5, 20, 2, 2),
    (13, 6, 21, 2, 2),
    (13, 7, 23, 2, 2),
    (13, 8, 7, 2, 2),
    (13, 9, 7, 2, 2),
    (13, 10, 7, 2, 2),
    (13, 11, 6, 2, 2),
    (13, 12, 7, 2, 2),
    (13, 13, 6, 2, 2),
    (13, 14, 4, 2, 2),
    (13, 15, 4, 2, 2),
    (13, 16, 5, 2, 2),
    (13, 17, 7, 2, 2),
    (13, 18, 5, 2, 2),
    (13, 19, 4, 2, 2),
    (13, 20, 1, 2, 2),
    (13, 21, 2, 2, 2),
    (13, 22, 5, 2, 2),
    (13, 23, 7, 2, 2),
    (13, 24, 8, 2, 2),
    (13, 25, 8, 2, 2),
    (13, 26, 7, 2, 2),
    (13, 27, 8, 2, 2),
    (13, 28, 2, 2, 2),
    (14, 8, 8, 2, 2),
    (14, 9, 7, 2, 2),
    (14, 10, 8, 2, 2),
    (14, 11, 7, 2, 2),
    (14, 12, 8, 2, 2),
    (14, 13, 7, 2, 2),
    (14, 14, 5, 2, 2),
    (14, 15, 4, 2, 2),
    (14, 16, 4, 2, 2),
    (14, 17, 5, 2, 2),
    (14, 18, 5, 2, 2),
    (14, 19, 2, 2, 2),
    (14, 20, 1, 2, 2),
    (14, 21, 4, 2, 2),
    (14, 22, 1, 2, 2),
    (14, 23, 4, 2, 2),
    (14, 24, 10, 2, 2),
    (14, 25, 10, 2, 2),
    (14, 26, 10, 2, 2),
    (14, 27, 10, 2, 2),
    (14, 28, 0, 2, 2),
    (16, 1, 30, 2, 2),
    (16, 2, 30, 2, 2),
    (16, 3, 30, 2, 2),
    (16, 4, 30, 2, 2),
    (16, 5, 30, 2, 2),
    (16, 6, 30, 2, 2),
    (16, 7, 30, 2, 2),
    (16, 8, 10, 2, 2),
    (16, 9, 10, 2, 2),
    (16, 10, 10, 2, 2),
    (16, 11, 10, 2, 2),
    (16, 12, 10, 2, 2),
    (16, 13, 10, 2, 2),
    (16, 14, 5, 2, 2),
    (16, 15, 5, 2, 2),
    (16, 16, 1, 2, 2),
    (16, 17, 1, 2, 2),
    (16, 18, 1, 2, 2),
    (16, 19, 5, 2, 2),
    (16, 20, 10, 2, 2),
    (16, 21, 10, 2, 2),
    (16, 22, 10, 2, 2),
    (16, 23, 10, 2, 2),
    (16, 24, 10, 2, 2),
    (16, 25, 10, 2, 2),
    (16, 26, 10, 2, 2),
    (16, 27, 10, 2, 2),
    (16, 28, 0, 2, 2),
    (17, 1, 16, 2, 2),
    (17, 2, 15, 2, 2),
    (17, 3, 16, 2, 2),
    (17, 4, 17, 2, 2),
    (17, 5, 16, 2, 2),
    (17, 6, 15, 2, 2),
    (17, 7, 16, 2, 2),
    (17, 8, 5, 2, 2),
    (17, 9, 5, 2, 2),
    (17, 10, 5, 2, 2),
    (17, 11, 6, 2, 2),
    (17, 12, 6, 2, 2),
    (17, 13, 6, 2, 2),
    (17, 14, 5, 2, 2),
    (17, 15, 4, 2, 2),
    (17, 16, 4, 2, 2),
    (17, 17, 4, 2, 2),
    (17, 18, 3, 2, 2),
    (17, 19, 4, 2, 2),
    (17, 20, 2, 2, 2),
    (17, 21, 2, 2, 2),
    (17, 22, 2, 2, 2),
    (17, 23, 4, 2, 2),
    (17, 24, 6, 2, 2),
    (17, 25, 6, 2, 2),
    (17, 26, 5, 2, 2),
    (17, 27, 6, 2, 2),
    (17, 28, 4, 2, 2),
    (19, 1, 30, 2, 2),
    (19, 2, 30, 2, 2),
    (19, 3, 30, 2, 2),
    (19, 4, 30, 2, 2),
    (19, 5, 30, 2, 2),
    (19, 6, 30, 2, 2),
    (19, 7, 30, 2, 2),
    (19, 8, 10, 2, 2),
    (19, 9, 10, 2, 2),
    (19, 10, 10, 2, 2),
    (19, 11, 10, 2, 2),
    (19, 12, 10, 2, 2),
    (19, 13, 10, 2, 2),
    (19, 14, 2, 2, 2),
    (19, 15, 5, 2, 2),
    (19, 16, 1, 2, 2),
    (19, 17, 5, 2, 2),
    (19, 18, 1, 2, 2),
    (19, 19, 1, 2, 2),
    (19, 20, 10, 2, 2),
    (19, 21, 10, 2, 2),
    (19, 22, 10, 2, 2),
    (19, 23, 10, 2, 2),
    (19, 24, 10, 2, 2),
    (19, 25, 10, 2, 2),
    (19, 26, 10, 2, 2),
    (19, 27, 10, 2, 2),
    (19, 28, 0, 2, 2),
    (20, 8, 5, 2, 2),
    (20, 9, 5, 2, 2),
    (20, 10, 6, 2, 2),
    (20, 11, 7, 2, 2),
    (20, 12, 6, 2, 2),
    (20, 13, 7, 2, 2),
    (20, 14, 5, 2, 2),
    (20, 15, 4, 2, 2),
    (20, 16, 4, 2, 2),
    (20, 17, 5, 2, 2),
    (20, 18, 3, 2, 2),
    (20, 19, 4, 2, 2),
    (20, 20, 2, 2, 2),
    (20, 21, 2, 2, 2),
    (20, 22, 4, 2, 2),
    (20, 23, 6, 2, 2),
    (20, 24, 7, 2, 2),
    (20, 25, 7, 2, 2),
    (20, 26, 6, 2, 2),
    (20, 27, 7, 2, 2),
    (20, 28, 3, 2, 2),
    (22, 1, 22, 2, 2),
    (22, 2, 26, 2, 2),
    (22, 3, 24, 2, 2),
    (22, 4, 18, 2, 2),
    (22, 5, 18, 2, 2),
    (22, 6, 20, 2, 2),
    (22, 7, 22, 2, 2),
    (22, 8, 7, 2, 2),
    (22, 9, 7, 2, 2),
    (22, 10, 6, 2, 2),
    (22, 11, 6, 2, 2),
    (22, 12, 7, 2, 2),
    (22, 13, 6, 2, 2),
    (22, 14, 4, 2, 2),
    (22, 15, 4, 2, 2),
    (22, 16, 5, 2, 2),
    (22, 17, 6, 2, 2),
    (22, 18, 5, 2, 2),
    (22, 19, 4, 2, 2),
    (22, 20, 1, 2, 2),
    (22, 21, 2, 2, 2),
    (22, 22, 5, 2, 2),
    (22, 23, 7, 2, 2),
    (22, 24, 8, 2, 2),
    (22, 25, 8, 2, 2),
    (22, 26, 7, 2, 2),
    (22, 27, 8, 2, 2),
    (22, 28, 2, 2, 2),
    (23, 1, 23, 2, 2),
    (23, 2, 22, 2, 2),
    (23, 3, 22, 2, 2),
    (23, 4, 18, 2, 2),
    (23, 5, 18, 2, 2),
    (23, 6, 22, 2, 2),
    (23, 7, 21, 2, 2),
    (23, 8, 6, 2, 2),
    (23, 9, 6, 2, 2),
    (23, 10, 7, 2, 2),
    (23, 11, 8, 2, 2),
    (23, 12, 6, 2, 2),
    (23, 13, 7, 2, 2),
    (23, 14, 5, 2, 2),
    (23, 15, 4, 2, 2),
    (23, 16, 4, 2, 2),
    (23, 17, 5, 2, 2),
    (23, 18, 3, 2, 2),
    (23, 19, 4, 2, 2),
    (23, 20, 2, 2, 2),
    (23, 21, 2, 2, 2),
    (23, 22, 4, 2, 2),
    (23, 23, 6, 2, 2),
    (23, 24, 7, 2, 2),
    (23, 25, 7, 2, 2),
    (23, 26, 6, 2, 2),
    (23, 27, 7, 2, 2),
    (23, 28, 3, 2, 2),
    (24, 8, 7, 2, 2),
    (24, 9, 7, 2, 2),
    (24, 10, 7, 2, 2),
    (24, 11, 6, 2, 2),
    (24, 12, 7, 2, 2),
    (24, 13, 6, 2, 2),
    (24, 14, 4, 2, 2),
    (24, 15, 4, 2, 2),
    (24, 16, 5, 2, 2),
    (24, 17, 6, 2, 2),
    (24, 18, 5, 2, 2),
    (24, 19, 4, 2, 2),
    (24, 20, 1, 2, 2),
    (24, 21, 2, 2, 2),
    (24, 22, 5, 2, 2),
    (24, 23, 6, 2, 2),
    (24, 24, 7, 2, 2),
    (24, 25, 7, 2, 2),
    (24, 26, 6, 2, 2),
    (24, 27, 7, 2, 2),
    (24, 28, 3, 2, 2),
    (26, 8, 6, 2, 2),
    (26, 9, 6, 2, 2),
    (26, 10, 7, 2, 2),
    (26, 11, 8, 2, 2),
    (26, 12, 6, 2, 2),
    (26, 13, 7, 2, 2),
    (26, 14, 5, 2, 2),
    (26, 15, 4, 2, 2),
    (26, 16, 4, 2, 2),
    (26, 17, 5, 2, 2),
    (26, 18, 3, 2, 2),
    (26, 19, 4, 2, 2),
    (26, 20, 2, 2, 2),
    (26, 21, 2, 2, 2),
    (26, 22, 4, 2, 2),
    (26, 23, 6, 2, 2),
    (26, 24, 7, 2, 2),
    (26, 25, 7, 2, 2),
    (26, 26, 6, 2, 2),
    (26, 27, 7, 2, 2),
    (26, 28, 3, 2, 2);

INSERT INTO password_resets (user_id, token_hash, expires_at, used_at, created_at)
VALUES
    (3, 'd3b07384d113edec49eaa6238ad5ff00d3b07384d113edec49eaa6238ad5ff00', '2026-02-06 12:00:00', NULL, '2026-02-06 08:30:00'),
    (5, '5f4dcc3b5aa765d61d8327deb882cf995f4dcc3b5aa765d61d8327deb882cf99', '2026-02-05 17:00:00', '2026-02-05 15:45:00', '2026-02-05 14:10:00');

INSERT INTO email_verifications (user_id, code_hash, expires_at, used_at, created_at)
VALUES
    (3, '12dea96fec20593566ab75692c99495912dea96fec20593566ab75692c994959', '2026-02-06 18:00:00', NULL, '2026-02-06 09:00:00');

INSERT INTO logs (user_id, action, entity, entity_id, details, created_at)
VALUES
    (2, 'USER_CREATED', 'users', 4, 'Created admission account', '2026-02-01 09:10:00'),
    (2, 'USER_REJECTED', 'users', 3, 'Rejected admission account', '2026-02-02 08:20:00'),
    (2, 'STUDENT_CREATED', 'students', 2, 'Admitted student created', '2026-02-02 09:30:00'),
    (2, 'SCORES_UPDATED', 'student_exam_scores', 2, 'Updated math and science scores', '2026-02-02 09:45:00'),
    (2, 'WEIGHTS_UPDATED', 'weights', 1, 'Adjusted weights for BSCS', '2026-02-03 11:05:00'),
    (1, 'ARCHIVE_ACADEMIC_YEAR', 'school_years', 2, 'Archived academic year and associated students for 2024-2025', '2026-02-10 08:00:00'),
    (5, 'LOGIN_LOCKED', 'users', 5, 'Account locked after failed attempts', '2026-02-03 09:30:00');

SET FOREIGN_KEY_CHECKS = 1;
